{
    "baseline_a": {
        "interests_f1": 0.11738388729914155,
        "confusions_f1": 0.08603737259942139,
        "known_facts_f1": 0.17255644963555716,
        "overall_f1": 0.12532590317804002
    },
    "baseline_b": {
        "interests_f1": 0.11042342076824836,
        "confusions_f1": 0.0733795272494963,
        "known_facts_f1": 0.1558709564574667,
        "overall_f1": 0.11322463482507046
    },
    "baseline_c": {
        "interests_f1": 0.07675213675213675,
        "confusions_f1": 0.06396049114495717,
        "known_facts_f1": 0.11839078703309545,
        "overall_f1": 0.0863678049767298
    },
    "our_method": {
        "interests_f1": 0.10790210679126645,
        "confusions_f1": 0.07430770853105556,
        "known_facts_f1": 0.13469097131111693,
        "overall_f1": 0.10563359554447965
    }
}