{
    "our_method_vs_baseline_a": 0.0,
    "our_method_vs_baseline_b": 0.6666666666666666,
    "our_method_vs_baseline_c": 0.3333333333333333
}